metric,baseline,baseline_label,statistic,p_value,ours_mean,baseline_mean
f1_score,mcb-ar,MCB-AR,13.0,0.90625,0.29029158254464466,0.29071758811672527
ranking_loss,mcb-ar,MCB-AR,13.0,0.546875,0.44340936928384406,0.4457383696809467
coverage,mcb-ar,MCB-AR,14.0,0.640625,6.717871017871017,6.744599844599845
hamming_loss,mcb-ar,MCB-AR,8.0,0.1875,0.22203120953120953,0.21289335664335665
reduction_time,mcb-ar,MCB-AR,14.0,0.359375,0.03257792144480239,0.04034442827792696
